Subreddit,Subreddit Created,Subreddit Members,Year Posted,Upvotes,Comments,Awards
r/memes,7/5/2008,35000000,2020,419000,4400,7
r/HistoryMemes,9/17/2012,13000000,2019,145000,654,0
r/BikiniBottomTwitter,3/31/2016,4700000,2018,168000,4200,0
r/marvelmemes,12/31/2014,4300000,2024,107000,549,2
r/MinecraftMemes,8/8/2011,3400000,2021,36000,334,0
r/lotrmemes,9/10/2012,3000000,2019,133000,1300,0
r/terriblefacebookmemes,2/10/2012,2200000,2022,77000,8200,0
r/MemeEconomy,9/28/2016,1900000,2019,205000,1400,0
r/wholesomeanimememes,11/14/2016,1500000,2025,56000,306,0
r/indiameme,8/6/2009,1500000,2025,24000,241,1
r/nflmemes,4/25/2012,1200000,2022,6000,546,0
r/dndmemes,12/17/2014,1200000,2020,110000,1000,0
r/Funnymemes,7/2/2013,1100000,2022,111000,1200,1
r/antimeme,2/8/2012,1000000,2025,83000,735,0
r/bonehurtingjuice,4/7/2017,964000,2019,94000,455,0